{"cameraMode":{"drawMode":0,"name":"Shaded","section":"Shading Mode"},"sceneLighting":true,"audioPlay":false,"sceneViewState":{"showFog":true,"showMaterialUpdate":true,"showSkybox":true,"showFlares":true,"showImageEffects":true,"showParticleSystems":true},"in2DMode":false,"pivot":{"x":305.35675048828127,"y":226.14796447753907,"z":155.64306640625},"rotation":{"x":-0.15967725217342378,"y":0.7975918054580689,"z":-0.2404540628194809,"w":-0.5296531319618225},"size":6.9728899002075199,"orthographic":false}