{"cameraMode":{"drawMode":0,"name":"Shaded","section":"Shading Mode"},"sceneLighting":false,"audioPlay":false,"sceneViewState":{"showFog":true,"showMaterialUpdate":true,"showSkybox":true,"showFlares":true,"showImageEffects":true,"showParticleSystems":true},"in2DMode":false,"pivot":{"x":0.12300541996955872,"y":0.17825019359588624,"z":0.061550866812467578},"rotation":{"x":-0.16857962310314179,"y":0.7771735191345215,"z":-0.2342984527349472,"w":-0.5591838955879211},"size":1.426382303237915,"orthographic":false}