{"cameraMode":{"drawMode":0,"name":"Shaded","section":"Shading Mode"},"sceneLighting":false,"audioPlay":false,"sceneViewState":{"showFog":true,"showMaterialUpdate":true,"showSkybox":true,"showFlares":true,"showImageEffects":true,"showParticleSystems":true},"in2DMode":false,"pivot":{"x":-11.626993179321289,"y":1.90848970413208,"z":0.09577202796936035},"rotation":{"x":0.5102343559265137,"y":0.010319914668798447,"z":-0.0061231073923408989,"w":0.8599516749382019},"size":7.711461067199707,"orthographic":false}