{"cameraMode":{"drawMode":0,"name":"Shaded","section":"Shading Mode"},"sceneLighting":false,"audioPlay":false,"sceneViewState":{"showFog":true,"showMaterialUpdate":true,"showSkybox":true,"showFlares":true,"showImageEffects":true,"showParticleSystems":true},"in2DMode":false,"pivot":{"x":9.40999984741211,"y":0.9099999666213989,"z":-15.720000267028809},"rotation":{"x":0.5102343559265137,"y":0.010319914668798447,"z":-0.0061231073923408989,"w":0.8599516749382019},"size":6.563966751098633,"orthographic":false}