{"cameraMode":{"drawMode":0,"name":"Shaded","section":"Shading Mode"},"sceneLighting":true,"audioPlay":false,"sceneViewState":{"showFog":true,"showMaterialUpdate":true,"showSkybox":true,"showFlares":true,"showImageEffects":true,"showParticleSystems":true},"in2DMode":false,"pivot":{"x":5.645832538604736,"y":3.1224446296691896,"z":8.744483947753907},"rotation":{"x":0.5102343559265137,"y":0.010319914668798447,"z":-0.0061231073923408989,"w":0.8599516749382019},"size":41.76207733154297,"orthographic":false}